{"cameraMode":{"drawMode":0,"name":"Shaded","section":"Shading Mode"},"sceneLighting":true,"audioPlay":false,"sceneViewState":{"m_AlwaysRefresh":false,"showFog":true,"showSkybox":true,"showFlares":true,"showImageEffects":true,"showParticleSystems":true,"showVisualEffectGraphs":true,"m_FxEnabled":true},"in2DMode":false,"pivot":{"x":-2.4057509899139406,"y":1.3516318798065186,"z":4.818094253540039},"rotation":{"x":0.23496226966381074,"y":0.6817634701728821,"z":-0.24755826592445374,"w":0.647077739238739},"size":0.7404688596725464,"orthographic":false}