{"cameraMode":{"drawMode":0,"name":"Shaded","section":"Shading Mode"},"sceneLighting":true,"audioPlay":false,"sceneViewState":{"m_AlwaysRefresh":false,"showFog":true,"showSkybox":true,"showFlares":true,"showImageEffects":true,"showParticleSystems":true,"showVisualEffectGraphs":true,"m_FxEnabled":true},"in2DMode":false,"pivot":{"x":-2.0361099243164064,"y":5.432852745056152,"z":3.9797773361206056},"rotation":{"x":0.04743450880050659,"y":0.9392289519309998,"z":-0.14483390748500825,"w":0.3076065480709076},"size":4.965673446655273,"orthographic":false}