{"cameraMode":{"drawMode":0,"name":"Shaded","section":"Shading Mode"},"sceneLighting":true,"audioPlay":false,"sceneViewState":{"m_AlwaysRefresh":false,"showFog":true,"showSkybox":true,"showFlares":true,"showImageEffects":true,"showParticleSystems":true,"showVisualEffectGraphs":true,"m_FxEnabled":true},"in2DMode":false,"pivot":{"x":-27.544546127319337,"y":0.38956278562545779,"z":3.290827989578247},"rotation":{"x":-0.05652697756886482,"y":0.7132135033607483,"z":-0.05789272114634514,"w":-0.6962795257568359},"size":12.11810302734375,"orthographic":false}