{"cameraMode":{"drawMode":0,"name":"Shaded","section":"Shading Mode"},"sceneLighting":true,"audioPlay":false,"sceneViewState":{"m_AlwaysRefresh":false,"showFog":true,"showSkybox":true,"showFlares":true,"showImageEffects":true,"showParticleSystems":true,"showVisualEffectGraphs":true,"m_FxEnabled":true},"in2DMode":false,"pivot":{"x":375.3490295410156,"y":224.95204162597657,"z":163.968017578125},"rotation":{"x":0.0003601342032197863,"y":-0.9995784759521484,"z":0.02549409121274948,"w":0.014086919836699963},"size":232.26547241210938,"orthographic":false}