{"cameraMode":{"drawMode":0,"name":"Shaded","section":"Shading Mode"},"sceneLighting":true,"audioPlay":false,"sceneViewState":{"m_AlwaysRefresh":false,"showFog":true,"showSkybox":true,"showFlares":true,"showImageEffects":true,"showParticleSystems":true,"showVisualEffectGraphs":true,"m_FxEnabled":true},"in2DMode":false,"pivot":{"x":492.5091552734375,"y":194.6539764404297,"z":21.712684631347658},"rotation":{"x":-0.07523845881223679,"y":0.0005953725194558501,"z":-0.000044912263547303155,"w":-0.997164785861969},"size":173.74769592285157,"orthographic":false}